{
  "L2H2": {
    "n_tokens": 12675,
    "q_dim_mean_max_abs": 2.16722888855124,
    "q_dim_mean_l2": 7.816498284462107,
    "k_dim_mean_max_abs": 6.900103865349316,
    "k_dim_mean_l2": 22.738566906294174,
    "q_dim_std_mean": 1.8643028376418809,
    "k_dim_std_mean": 2.8897040567315253,
    "q_norm_mean": 17.01443983433308,
    "q_norm_std": 4.171200196848277,
    "k_norm_mean": 31.929935000929458,
    "k_norm_std": 7.410674663847534,
    "score_mean": -2.7233664793353203,
    "score_std": 27.353567866367662,
    "score_skew": 0.011360716530777948,
    "score_kurtosis": -0.15803495782721555,
    "entropy_mean": 0.3915921975613318,
    "entropy_median": 0.3745075816390595
  },
  "L4H4": {
    "n_tokens": 12675,
    "q_dim_mean_max_abs": 2.1550818234705598,
    "q_dim_mean_l2": 4.968157066009433,
    "k_dim_mean_max_abs": 3.92577675821278,
    "k_dim_mean_l2": 7.688649948688997,
    "q_dim_std_mean": 0.8616789720657079,
    "k_dim_std_mean": 0.9725993960166113,
    "q_norm_mean": 8.429027473009235,
    "q_norm_std": 1.2370858784088616,
    "k_norm_mean": 10.871505389211078,
    "k_norm_std": 1.583881018723324,
    "score_mean": -3.6051858956645826,
    "score_std": 1.6050259435637673,
    "score_skew": 0.6052282191758432,
    "score_kurtosis": 1.4417230339116136,
    "entropy_mean": 0.6441277040697564,
    "entropy_median": 0.6645782881350784
  },
  "L6H6": {
    "n_tokens": 12675,
    "q_dim_mean_max_abs": 2.800591905563188,
    "q_dim_mean_l2": 5.612163473404168,
    "k_dim_mean_max_abs": 3.743834399361112,
    "k_dim_mean_l2": 6.449350508900918,
    "q_dim_std_mean": 0.8734265862710557,
    "k_dim_std_mean": 0.890858024854952,
    "q_norm_mean": 8.930038478685645,
    "q_norm_std": 1.053124017165418,
    "k_norm_mean": 9.582077833945077,
    "k_norm_std": 1.1325919127902397,
    "score_mean": -3.3544976340218944,
    "score_std": 1.573470781124406,
    "score_skew": 0.6808801409626444,
    "score_kurtosis": 1.8019392026690273,
    "entropy_mean": 0.616260113552093,
    "entropy_median": 0.6294077420013091
  },
  "L8H8": {
    "n_tokens": 12675,
    "q_dim_mean_max_abs": 2.572085722101746,
    "q_dim_mean_l2": 6.003271820740614,
    "k_dim_mean_max_abs": 7.2214182122172215,
    "k_dim_mean_l2": 11.144721920691616,
    "q_dim_std_mean": 0.8767960661475462,
    "k_dim_std_mean": 1.1642001407866782,
    "q_norm_mean": 9.183403976732563,
    "q_norm_std": 1.3380585762444936,
    "k_norm_mean": 14.608094064749128,
    "k_norm_std": 1.8982661966098568,
    "score_mean": -2.3312898897722882,
    "score_std": 2.999281759182428,
    "score_skew": 0.006934296012374387,
    "score_kurtosis": -0.5340197524224259,
    "entropy_mean": 0.6824404018332255,
    "entropy_median": 0.7089112499583355
  },
  "L10H10": {
    "n_tokens": 12675,
    "q_dim_mean_max_abs": 3.0579331645610535,
    "q_dim_mean_l2": 5.175897629289714,
    "k_dim_mean_max_abs": 3.516322436514779,
    "k_dim_mean_l2": 6.91793386836537,
    "q_dim_std_mean": 0.8451695327884747,
    "k_dim_std_mean": 1.057761521916654,
    "q_norm_mean": 8.471846346354225,
    "q_norm_std": 1.1895154964891503,
    "k_norm_mean": 10.92061593135422,
    "k_norm_std": 1.534965176568891,
    "score_mean": -2.702701333542349,
    "score_std": 1.7803840707162484,
    "score_skew": 0.7852751953037163,
    "score_kurtosis": 2.017832184116017,
    "entropy_mean": 0.45704382583649356,
    "entropy_median": 0.4630245858526975
  },
  "__gaussian_baseline__": {
    "n_pairs": 50000,
    "score_mean": -0.00782960148271036,
    "score_std": 1.0001534280515678,
    "score_skew": 0.0017306211043531512,
    "score_kurtosis": 0.08309392839589558
  }
}